"Store Id","Item Code","Item Category","Item Name","Item Desc","Item Qty","Sale Price",MRP,UNIT,"Free Item Barcode","Free Item Name","Free Item Qty","Expiry Date","Item SKU","Last Update","Update Date"
34,8901030591259,0,"TAJ  Mahal 500GM","TAJ  Mahal 500GM",1,210,215,PC,0,,0,0000-00-00,0,"2016-10-10 01:29:41",2016-10-09
34,8901023007446,48,"Godrej no 1 Rosewater","Godrej no 1 Rosewater",1,65,68,PC,0,,0,0000-00-00,0,"2016-10-10 01:29:41",2016-10-09
34,89006825,23,"DABUR AMLA HAIR OIL 90ML","DABUR AMLA HAIR OIL 90ML",6,40,42,PC,0,,0,0000-00-00,0,"2016-10-10 02:51:39",2016-10-09
34,8901207019029,23,"DABUR AMLA HAIR OIL 450ML","DABUR AMLA HAIR OIL 450ML",8,186,190,PC,0,,0,0000-00-00,0,"2016-10-10 02:51:38",2016-10-09
34,8901314114419,57,"COLGATE MAX FRESH 150GM","COLGATE MAX FRESH 150GM",12,87,90,PC,0,,0,0000-00-00,0,"2016-10-10 02:51:36",2016-10-09
34,8901052000807,55,"Tata gold 250 g","Tata gold 250 g",64,105,108,PC,0,,0,0000-00-00,0,"2016-10-10 02:51:34",2016-10-09
34,8906022260274,48,"Chokra 1 kg","Chokra 1 kg",20,63,65,PC,0,,0,0000-00-00,0,"2016-10-10 02:52:03",2016-10-09
34,8908001589031,58,"PUNJAB KING PURE DESI GHEE 1KG","PUNJAB KING PURE DESI GHEE 1KG",18,375,380,PC,0,,0,0000-00-00,0,"2016-10-10 02:51:52",2016-10-09
34,8906014643788,39,"Gagan Soya 15 ltr","Gagan Soya 15 ltr",6,1185,1532,PC,0,,0,0000-00-00,0,"2016-10-10 02:51:31",2016-10-09
34,8906022260274,0,"Chokra 1 kg","Chokra 1 kg",120,63,65,PC,0,,0,0000-00-00,0,"2016-10-09 00:00:00",2016-10-09
34,8901030591259,0,"TAJ  Mahal 500GM","TAJ  Mahal 500GM",25,210,215,PC,0,,0,0000-00-00,0,"2016-10-09 00:00:00",2016-10-09
34,8901023007446,0,"Godrej no 1 Rosewater","Godrej no 1 Rosewater",37,65,68,PC,0,,0,0000-00-00,0,"2016-10-09 00:00:00",2016-10-09
34,8901023009426,48,"Godrej no 1 Kesar","Godrej no 1 Kesar",36,65,68,PC,0,,0,0000-00-00,0,"2016-10-10 02:51:28",2016-10-09
34,8901030555510,48,"Lux Soft touch","Lux Soft touch",30,90,94,PC,0,,0,0000-00-00,0,"2016-10-10 02:51:28",2016-10-09
34,8901030591242,0,"Taj mahal 250GM","Taj mahal 250GM",48,110,113,PC,0,,0,0000-00-00,0,"2016-10-10 02:51:28",2016-10-09
34,8901030584442,17,"Vim 3*125","Vim 3*125",100,28,30,PC,0,,0,0000-00-00,0,"2016-10-10 02:51:28",2016-10-09
34,8901108101526,0,"Nirma 320g","Nirma 320g",40,10,10,PC,0,,0,0000-00-00,0,"2016-10-10 02:51:29",2016-10-09
34,8901108101502,0,Nirma130g,Nirma130g,80,5,5,PC,0,,0,0000-00-00,0,"2016-10-10 02:51:29",2016-10-09
34,8901052010615,55,"Tata Premium 1 kg","Tata Premium 1 kg",12,315,330,PC,0,,0,0000-00-00,0,"2016-10-10 02:51:29",2016-10-09
34,8906014642484,39,"Ginni Cotton seed 2l","Ginni Cotton seed 2l",8,190,234,PC,0,,0,0000-00-00,0,"2016-10-10 02:51:29",2016-10-09
34,8901052021192,55,"Tata agni 1 kg","Tata agni 1 kg",24,199,222,PC,0,,0,0000-00-00,0,"2016-10-10 02:51:29",2016-10-09
34,8901030590061,0,"Lifebuoy Total","Lifebuoy Total",30,86,88,PC,0,,0,0000-00-00,0,"2016-10-10 02:51:29",2016-10-09
34,8901396151005,11,"Harpic 500 ml","Harpic 500 ml",24,72,74,PC,0,,0,0000-00-00,0,"2016-10-10 02:51:29",2016-10-09
34,8901023007477,48,"Godrej Lime aloe vira","Godrej Lime aloe vira",36,65,68,PC,0,,0,0000-00-00,0,"2016-10-10 02:51:29",2016-10-09
34,8901023007415,48,"Godrej Coconut neem","Godrej Coconut neem",36,65,68,PC,0,,0,0000-00-00,0,"2016-10-10 02:51:29",2016-10-09
34,8901030341663,16,"Surf excel 4*200","Surf excel 4*200",14,85,88,PC,0,,0,0000-00-00,0,"2016-10-10 02:51:29",2016-10-09
34,8901023011085,48,"Godrej no1 white lily","Godrej no1 white lily",36,65,68,PC,0,,0,0000-00-00,0,"2016-10-10 02:51:30",2016-10-09
34,8906014643016,39,"Gagan vansapati 5 ltr","Gagan vansapati 5 ltr",4,440,539,PC,0,,0,0000-00-00,0,"2016-10-10 02:51:30",2016-10-09
34,8906014642491,39,"Ginni Cotton seed 1 ltr","Ginni Cotton seed 1 ltr",48,87,116,PC,0,,0,0000-00-00,0,"2016-10-10 02:51:30",2016-10-09
34,8901396398387,48,"Dettol skin care","Dettol skin care",40,119,121,PC,0,,0,0000-00-00,0,"2016-10-10 02:51:30",2016-10-09
34,8901396397380,48,"Dettol Original","Dettol Original",40,125,127,PC,0,,0,0000-00-00,0,"2016-10-10 02:51:30",2016-10-09
34,8901030556623,0,"Vim 500gm","Vim 500gm",24,41,43,PC,0,,0,0000-00-00,0,"2016-10-10 02:51:30",2016-10-09
34,8901030391156,17,"Vim liquid 250 ml","Vim liquid 250 ml",40,57,58,PC,0,,0,0000-00-00,0,"2016-10-10 02:51:30",2016-10-09
34,8901030462429,48,"Rexona Silky soft","Rexona Silky soft",30,82,84,PC,0,,0,0000-00-00,0,"2016-10-10 02:51:30",2016-10-09
34,8906014642477,39,"Ginni Cotton seed 5ltr","Ginni Cotton seed 5ltr",8,450,503,PC,0,,0,0000-00-00,0,"2016-10-10 02:51:30",2016-10-09
34,8901396153108,0,"Harpic red","Harpic red",24,72,74,PC,0,,0,0000-00-00,0,"2016-10-10 02:51:31",2016-10-09
34,8901023007408,48,"Godrej no. Sandal","Godrej no. Sandal",36,65,68,PC,0,,0,0000-00-00,0,"2016-10-10 02:51:31",2016-10-09
34,8906014643023,39,"Gagan Vanaspati 2 ltr","Gagan Vanaspati 2 ltr",6,180,224,PC,0,,0,0000-00-00,0,"2016-10-10 02:51:31",2016-10-09
34,8906014643030,39,"Gagan vanaspati 1 ltr","Gagan vanaspati 1 ltr",80,77,90,PC,0,,0,0000-00-00,0,"2016-10-10 02:51:31",2016-10-09
34,8908000258044,39,"Jivo 5 ltr","Jivo 5 ltr",4,990,1250,PC,0,,0,0000-00-00,0,"2016-10-10 02:51:31",2016-10-09
34,8908000258013,39,Jivo1,Jivo1,16,175,390,PC,0,,0,0000-00-00,0,"2016-10-10 02:51:31",2016-10-09
34,8906014643870,39,"Gagan Kachi ghanni 1 ltr","Gagan Kachi ghanni 1 ltr",12,117,154,PC,0,,0,0000-00-00,0,"2016-10-10 02:51:31",2016-10-09
34,8906014643719,39,"Gagan Kachi Ghani 5 ltr","Gagan Kachi Ghani 5 ltr",4,595,760,PC,0,,0,0000-00-00,0,"2016-10-10 02:51:31",2016-10-09
34,8906014642941,39,"Gagan Vanpaspati 15 ltr","Gagan Vanpaspati 15 ltr",4,1160,1511,PC,0,,0,0000-00-00,0,"2016-10-10 02:51:31",2016-10-09
34,8906014643788,0,"Gagan Soya 15 ltr","Gagan Soya 15 ltr",10,1185,1532,PC,0,,0,0000-00-00,0,"2016-10-09 00:00:00",2016-10-09
34,"Sugar L simple",0,"Sugar L simple","Sugar L simple",500,42.5,55,PC,0,,0,0000-00-00,0,"2016-10-10 02:51:32",2016-10-09
34,"Sugar M 1kg",0,"Sugar M 1kg","Sugar M 1kg",500,41.5,52,PC,0,,0,0000-00-00,0,"2016-10-10 02:51:32",2016-10-09
34,8901030594489,0,"Surf excel 1 Kg","Surf excel 1 Kg",10,107,110,PC,0,,0,0000-00-00,0,"2016-10-10 02:51:32",2016-10-09
34,8901030584121,16,"Wheel 1 Kg","Wheel 1 Kg",100,47,49,PC,0,,0,0000-00-00,0,"2016-10-10 02:51:32",2016-10-09
34,8901030578410,16,"Wheel 4 Kg","Wheel 4 Kg",10,178,180,PC,0,,0,0000-00-00,0,"2016-10-10 02:51:32",2016-10-09
34,4902430668538,16,"Tide Plus 1 kg","Tide Plus 1 kg",24,87,90,PC,0,,0,0000-00-00,0,"2016-10-10 02:51:32",2016-10-09
34,8901030556500,16,"Rin 4 kg","Rin 4 kg",10,349,352,PC,0,,0,0000-00-00,0,"2016-10-10 02:51:32",2016-10-09
34,4902430672191,16,"Tide Plus Jasmine Rose 5KG","Tide Plus Jasmine Rose 5KG",10,370,382,PC,0,,0,0000-00-00,0,"2016-10-10 02:51:32",2016-10-09
34,8901030560941,0,"Surf Excel 1.5 kg","Surf Excel 1.5 kg",20,184,187,PC,0,,0,0000-00-00,0,"2016-10-10 02:51:32",2016-10-09
34,"Besan B",0,"Besan B","Besan B",40,120,140,PC,0,,0,0000-00-00,0,"2016-10-10 02:51:32",2016-10-09
34,"Besan M",0,"Besan M","Besan M",40,120,115,PC,0,,0,0000-00-00,0,"2016-10-10 02:51:32",2016-10-09
34,"Loose Suji ",0,"Loose Suji ","Loose Suji ",40,24,30,PC,0,,0,0000-00-00,0,"2016-10-10 02:51:33",2016-10-09
34,"Maida 1kg",0,"Maida 1kg","Maida 1kg",40,24,30,PC,0,,0,0000-00-00,0,"2016-10-10 02:51:33",2016-10-09
34,8901157025217,35,"Hit black 400 ml","Hit black 400 ml",6,160,165,PC,0,,0,0000-00-00,0,"2016-10-10 02:51:33",2016-10-09
34,8901157025200,35,"Hit Red 400 ml","Hit Red 400 ml",8,160,165,PC,0,,0,0000-00-00,0,"2016-10-10 02:51:33",2016-10-09
34,8901157025033,35,"Hit Black 200 ml","Hit Black 200 ml",4,87,89,PC,0,,0,0000-00-00,0,"2016-10-10 02:51:33",2016-10-09
34,8901571001088,26,"Eno lemon","Eno lemon",12,39,42,PC,0,,0,0000-00-00,0,"2016-10-10 02:51:33",2016-10-09
34,8901314010131,57,"Colgate ST 300g","Colgate ST 300g",12,128,130,PC,0,,0,0000-00-00,0,"2016-10-10 02:51:33",2016-10-09
34,"Colgate Salt",0,"Colgate Salt","Colgate Salt",9,96,98,PC,0,,0,0000-00-00,0,"2016-10-10 02:51:33",2016-10-09
34,8901314081025,57,"Colgate Cibaca 2*175","Colgate Cibaca 2*175",12,82,84,PC,0,,0,0000-00-00,0,"2016-10-10 02:51:33",2016-10-09
34,8901396387404,25,"Dettol liquid hand wash 185 ml","Dettol liquid hand wash 185 ml",15,43,44,PC,0,,0,0000-00-00,0,"2016-10-10 02:51:33",2016-10-09
34,8901396112006,17,"Lizol ","Lizol ",12,74,76,PC,0,,0,0000-00-00,0,"2016-10-10 02:51:34",2016-10-09
34,8901207503023,11,"Odonil Nature","Odonil Nature",12,118,120,PC,0,,0,0000-00-00,0,"2016-10-10 02:51:34",2016-10-09
34,8901052000807,0,"Tata gold 250 g","Tata gold 250 g",80,105,108,PC,0,,0,0000-00-00,0,"2016-10-09 00:00:00",2016-10-09
34,8901052024315,55,"Tata tea agni 250 g","Tata tea agni 250 g",96,52,58,PC,0,,0,0000-00-00,0,"2016-10-10 02:51:34",2016-10-09
34,8901052010417,55,"Tata premium 500g","Tata premium 500g",24,164,170,PC,0,,0,0000-00-00,0,"2016-10-10 02:51:34",2016-10-09
34,8901052010318,55,"Tata premium 250 g","Tata premium 250 g",48,81,85,PC,0,,0,0000-00-00,0,"2016-10-10 02:51:34",2016-10-09
34,"Channa Daal",0,"Channa Daal","Channa Daal",60,122,125,PC,0,,0,0000-00-00,0,"2016-10-10 02:51:34",2016-10-09
34,"White Channa ",0,"White Channa ","White Channa ",60,125,135,PC,0,,0,0000-00-00,0,"2016-10-10 02:51:34",2016-10-09
34,"Rajma Jammu",0,"Rajma Jammu","Rajma Jammu",60,76,95,PC,0,,0,0000-00-00,0,"2016-10-10 02:51:34",2016-10-09
34,"Rajma Chitra",0,"Rajma Chitra","Rajma Chitra",60,94,100,PC,0,,0,0000-00-00,0,"2016-10-10 02:51:34",2016-10-09
34,"Mongi Dhoti",0,"Mongi Dhoti","Mongi Dhoti",60,96,105,PC,0,,0,0000-00-00,0,"2016-10-10 02:51:34",2016-10-09
34,"Masar Dal",0,"Masar Dal","Masar Dal",60,105,120,PC,0,,0,0000-00-00,0,"2016-10-10 02:51:34",2016-10-09
34,"Mah Dofar",0,"Mah Dofar","Mah Dofar",30,141,160,PC,0,,0,0000-00-00,0,"2016-10-10 02:51:35",2016-10-09
34,"Mongi Sabat",0,"Mongi Sabat","Mongi Sabat",60,68,100,PC,0,,0,0000-00-00,0,"2016-10-10 02:51:35",2016-10-09
34,"Masar Sabat",0,"Masar Sabat","Masar Sabat",60,97,120,PC,0,,0,0000-00-00,0,"2016-10-10 02:51:35",2016-10-09
34,"Mah Sabat",0,"Mah Sabat","Mah Sabat",60,110,130,PC,0,,0,0000-00-00,0,"2016-10-10 02:51:35",2016-10-09
34,"Black Channa",0,"Black Channa","Black Channa",30,120,130,PC,0,,0,0000-00-00,0,"2016-10-10 02:51:35",2016-10-09
34,Arhar,0,Arhar,Arhar,30,120,135,PC,0,,0,0000-00-00,0,"2016-10-10 02:51:35",2016-10-09
34,Moth,0,Moth,Moth,60,75,110,PC,0,,0,0000-00-00,0,"2016-10-10 02:51:35",2016-10-09
34,8901192107626,50,"CATCH HALDI 500G","CATCH HALDI 500G",32,110,125,PC,0,,0,0000-00-00,0,"2016-10-10 02:51:35",2016-10-09
34,8901192107220,50,"CATCH HALDI 200G","CATCH HALDI 200G",80,45.5,52,PC,0,,0,0000-00-00,0,"2016-10-10 02:51:35",2016-10-09
34,8901192106223,50,"CATCH RED CHILI 200G","CATCH RED CHILI 200G",80,57,62,PC,0,,0,0000-00-00,0,"2016-10-10 02:51:35",2016-10-09
34,8901192106629,50,"CATCH RED CHILI 500G","CATCH RED CHILI 500G",32,135,150,PC,0,,0,0000-00-00,0,"2016-10-10 02:51:36",2016-10-09
34,8901192219220,50,"CATCH GARM MASALA 200","CATCH GARM MASALA 200",80,59,68,PC,0,,0,0000-00-00,0,"2016-10-10 02:51:36",2016-10-09
34,8901192104229,50,"CATCH DHANIA PWDR 200","CATCH DHANIA PWDR 200",80,60,65,PC,0,,0,0000-00-00,0,"2016-10-10 02:51:36",2016-10-09
34,"GANESH BOGH DALIA",0,"GANESH BOGH DALIA","GANESH BOGH DALIA",60,13,15,PC,0,,0,0000-00-00,0,"2016-10-10 02:51:36",2016-10-09
34,"KATARIA AMLA MURABA 1KG",0,"KATARIA MIX PICKLE 1KG","KATARIA MIX PICKLE 1KG",12,70,100,PC,0,,0,0000-00-00,0,"2016-10-10 02:51:36",2016-10-09
34,"KATARIA APPLE MURABA 1KG",0,"KATARIA AMLA MURABA 1KG","KATARIA AMLA MURABA 1KG",12,80,100,PC,0,,0,0000-00-00,0,"2016-10-10 02:51:36",2016-10-09
34,8901314114419,0,"COLGATE MAX FRESH 150GM","COLGATE MAX FRESH 150GM",36,87,90,PC,0,,0,0000-00-00,0,"2016-10-09 00:00:00",2016-10-09
34,8901012191323,0,"JOHNSONS BABY SOAP ","JOHNSONS BABY SOAP ",12,42,45,PC,0,,0,0000-00-00,0,"2016-10-10 02:51:36",2016-10-09
34,8901571004614,57,"SENSODYNE FRESH GEL 70G","SENSODYNE FRESH GEL 70G",6,102,105,PC,0,,0,0000-00-00,0,"2016-10-10 02:51:37",2016-10-09
34,8901571004096,57,"SENSODYNE FRESH MINT 70G","SENSODYNE FRESH MINT 70G",6,102,105,PC,0,,0,0000-00-00,0,"2016-10-10 02:51:37",2016-10-09
34,8901030486548,57,"CLOSE -UP FRESH ACTION","CLOSE -UP FRESH ACTION",12,80,84,PC,0,,0,0000-00-00,0,"2016-10-10 02:51:37",2016-10-09
34,8901314009173,57,"COLGATE SATL LEMON 200G","COLGATE SATL LEMON 200G",9,92,95,PC,0,,0,0000-00-00,0,"2016-10-10 02:51:37",2016-10-09
34,8901207000324,57,"DABUR RED 200G","DABUR RED 200G",6,85,88,PC,0,,0,0000-00-00,0,"2016-10-10 02:51:37",2016-10-09
34,8901314009517,57,"COLAGATE SALT LEMON 100G","COLAGATE SALT LEMON 100G",12,52,54,PC,0,,0,0000-00-00,0,"2016-10-10 02:51:37",2016-10-09
34,8901314021045,57,"COLGATE HERBAL 200G","COLGATE HERBAL 200G",12,86,89,PC,0,,0,0000-00-00,0,"2016-10-10 02:51:37",2016-10-09
34,8901138512187,20,"HIMALAYA NEEM FACE WASH 50ML","HIMALAYA NEEM FACE WASH 50ML",6,57,60,PC,0,,0,0000-00-00,0,"2016-10-10 02:51:37",2016-10-09
34,8901644000734,22,"SWIFT HAIR SPREY 250ML ","SWIFT HAIR SPREY 250ML ",6,200,220,PC,0,,0,0000-00-00,0,"2016-10-10 02:51:38",2016-10-09
34,8908001158312,15,"FOGG 120ML","FOGG 120ML",6,190,199,PC,0,,0,0000-00-00,0,"2016-10-10 02:51:38",2016-10-09
34,8901207019029,0,"DABUR AMLA HAIR OIL 450ML","DABUR AMLA HAIR OIL 450ML",24,186,190,PC,0,,0,0000-00-00,0,"2016-10-09 00:00:00",2016-10-09
34,8901207019005,23,"DABUR AMLA HAIR OIL 180ML","DABUR AMLA HAIR OIL 180ML",6,82,84,PC,0,,0,0000-00-00,0,"2016-10-10 02:51:38",2016-10-09
34,8908001158244,15,"FOGG  NAPOLEN RED  120ML","FOGG  NAPOLEN RED  120ML",4,190,199,PC,0,,0,0000-00-00,0,"2016-10-10 02:51:38",2016-10-09
34,8908001158350,15,"FAGG PARADISE 120ML","FAGG PARADISE 120ML",4,190,199,PC,0,,0,0000-00-00,0,"2016-10-10 02:51:38",2016-10-09
34,4902430658485,44,"HEAD&shoulders 340ml","HEAD&shoulders 340ml",6,245,250,PC,0,,0,0000-00-00,0,"2016-10-10 02:51:38",2016-10-09
34,8908001158305,15,"FOGG MARCO 120ML","FOGG MARCO 120ML",4,190,199,PC,0,,0,0000-00-00,0,"2016-10-10 02:51:38",2016-10-09
34,8901012115152,3,"JOHNSONS BABY MILK LOCTION 100ML ","JOHNSONS BABY MILK LOCTION 100ML ",6,92,95,PC,0,,0,0000-00-00,0,"2016-10-10 02:51:38",2016-10-09
34,89002827,23,"HAIR&CARE 100ML","HAIR&CARE 100ML",4,43,45,PC,0,,0,0000-00-00,0,"2016-10-10 02:51:38",2016-10-09
34,808042000442,44,"AYUR HERBAL SHAMPOO 1000ML","AYUR HERBAL SHAMPOO 1000ML",6,202,215,PC,0,,0,0000-00-00,0,"2016-10-10 02:51:38",2016-10-09
34,4902430646895,0,"PANTENE SHAMPOO SILKY SMOOTH 675ML","PANTENE SHAMPOO SILKY SMOOTH 675ML",4,390,400,PC,0,,0,0000-00-00,0,"2016-10-10 02:51:39",2016-10-09
34,8901030501029,0,"DOVE HAIR THERAPY 650ML","DOVE HAIR THERAPY 650ML",4,405,430,PC,0,,0,0000-00-00,0,"2016-10-10 02:51:39",2016-10-09
34,8904135205038,44,"AYUR HERBAL SHAMPOO 200ML","AYUR HERBAL SHAMPOO 200ML",6,88,95,PC,0,,0,0000-00-00,0,"2016-10-10 02:51:39",2016-10-09
34,8902979022989,44,"NYLE LONG BOUNCY 400ML","NYLE LONG BOUNCY 400ML",3,165,170,PC,0,,0,0000-00-00,0,"2016-10-10 02:51:39",2016-10-09
34,89006825,0,"DABUR AMLA HAIR OIL 90ML","DABUR AMLA HAIR OIL 90ML",18,40,42,PC,0,,0,0000-00-00,0,"2016-10-09 00:00:00",2016-10-09
34,4902430651905,0,"HEAD&shoulders  SILKY SMOTH675ml","HEAD&shoulders  SILKY SMOTH675ml",2,430,475,PC,0,,0,0000-00-00,0,"2016-10-10 02:51:39",2016-10-09
34,808042000435,43,"AYUR HERBAL SHAMPOO 500ML","AYUR HERBAL SHAMPOO 500ML",6,130,140,PC,0,,0,0000-00-00,0,"2016-10-10 02:51:39",2016-10-09
34,8904063200181,5,"HALDIRAMS KHATTA MEETHA  200GM","HALDIRAMS KHATTA MEETHA  200GM",10,40,42,PC,0,,0,0000-00-00,0,"2016-10-10 02:51:39",2016-10-09
34,8904063200051,5,"HALDIRAMS BHUJIA  200GM","HALDIRAMS BHUJIA  200GM",10,42,44,PC,0,,0,0000-00-00,0,"2016-10-10 02:51:40",2016-10-09
34,8904063200204,5,"HALDIRAMS NAVRATTAN  200GM","HALDIRAMS NAVRATTAN  200GM",10,40,42,PC,0,,0,0000-00-00,0,"2016-10-10 02:51:40",2016-10-09
34,8904063200013,5,"HALDIRAMS ALOO BHUJIA 200GM","HALDIRAMS ALOO BHUJIA 200GM",10,42,44,PC,0,,0,0000-00-00,0,"2016-10-10 02:51:40",2016-10-09
34,8904063200464,5,"HALDIRAMS BOONDI  200GM","HALDIRAMS BOONDI  200GM",20,42,44,PC,0,,0,0000-00-00,0,"2016-10-10 02:51:40",2016-10-09
34,8904063200440,5,"HALDIRAMS PUNJABI TADKA  200GM","HALDIRAMS PUNJABI TADKA  200GM",10,46,48,PC,0,,0,0000-00-00,0,"2016-10-10 02:51:40",2016-10-09
34,8904063200174,5,"HALDIRAMS KASHMIRI MIXTURE  200GM","HALDIRAMS KASHMIRI MIXTURE  200GM",8,60,63,PC,0,,0,0000-00-00,0,"2016-10-10 02:51:40",2016-10-09
34,8901192104625,50,"CATCH CORIANDER PWDR 500GM","CATCH CORIANDER PWDR 500GM",14,140,150,PC,0,,0,0000-00-00,0,"2016-10-10 02:51:40",2016-10-09
34,8906039950502,0,"DARLING VELVETTO 830GM","DARLING VELVETTO 830GM",1,155,166,PC,0,,0,0000-00-00,0,"2016-10-10 02:51:40",2016-10-09
34,8906039950625,0,"DARLING SECRET 830GM","DARLING SECRET 830GM",1,155,166,PC,0,,0,0000-00-00,0,"2016-10-10 02:51:40",2016-10-09
34,8901071700467,0,"MAHA LACTO 250GM","MAHA LACTO 250GM",2,48,50,PC,0,,0,0000-00-00,0,"2016-10-10 02:51:40",2016-10-09
34,8901393016130,0,"CENTER FRUIT 578GM","CENTER FRUIT 578GM",1,168,170,PC,0,,0,0000-00-00,0,"2016-10-10 02:51:40",2016-10-09
34,"BOONDI 130GM",0,"BOONDI 130GM","BOONDI 130GM",20,20,25,PC,0,,0,0000-00-00,0,"2016-10-10 02:51:41",2016-10-09
34,"BOONDI 280GM",0,"BOONDI 280GM","BOONDI 280GM",20,40,52,PC,0,,0,0000-00-00,0,"2016-10-10 02:51:41",2016-10-09
34,"BOONDI PUDIANA 140GM",0,"BOONDI PUDIANA 140GM","BOONDI PUDIANA 140GM",20,20,25,PC,0,,0,0000-00-00,0,"2016-10-10 02:51:41",2016-10-09
34,"BOONDI PUDIANA 400GM",0,"BOONDI PUDIANA 400GM","BOONDI PUDIANA 400GM",10,45,50,PC,0,,0,0000-00-00,0,"2016-10-10 02:51:41",2016-10-09
34,"MOTA PAKODA ",0,"MOTA PAKODA ","MOTA PAKODA ",20,45,50,PC,0,,0,0000-00-00,0,"2016-10-10 02:51:41",2016-10-09
34,"SEVIAN NAMKEEN",0,"SEVIAN NAMKEEN","SEVIAN NAMKEEN",20,50,60,PC,0,,0,0000-00-00,0,"2016-10-10 02:51:41",2016-10-09
34,"PAPADI MATHI 200G",0,"PAPADI MATHI 200G","PAPADI MATHI 200G",24,28,32,PC,0,,0,0000-00-00,0,"2016-10-10 02:51:41",2016-10-09
34,MURUNDA,0,MURUNDA,MURUNDA,20,30,35,PC,0,,0,0000-00-00,0,"2016-10-10 02:51:41",2016-10-09
34,PETHA,0,PETHA,PETHA,20,30,35,PC,0,,0,0000-00-00,0,"2016-10-10 02:51:41",2016-10-09
34,"MIX BHUJIA 270GM",0,"MIX BHUJIA 270GM","MIX BHUJIA 270GM",20,42,52,PC,0,,0,0000-00-00,0,"2016-10-10 02:51:41",2016-10-09
34,"BREAK SEVIAN 110GM",0,"BREAK SEVIAN 110GM","BREAK SEVIAN 110GM",20,22,25,PC,0,,0,0000-00-00,0,"2016-10-10 02:51:41",2016-10-09
34,"CORN FLACKS 140GM",0,"CORN FLACKS 140GM","CORN FLACKS 140GM",20,22,25,PC,0,,0,0000-00-00,0,"2016-10-10 02:51:41",2016-10-09
34,"POHHA 160GM",0,"POHHA 160GM","POHHA 160GM",20,30,32,PC,0,,0,0000-00-00,0,"2016-10-10 02:51:42",2016-10-09
34,"MATRI 400G",0,"MATRI 400G","MATRI 400G",10,50,65,PC,0,,0,0000-00-00,0,"2016-10-10 02:51:42",2016-10-09
34,"ALLO PAPAD 120GM",0,"ALLO PAPAD 120GM","ALLO PAPAD 120GM",30,28,35,PC,0,,0,0000-00-00,0,"2016-10-10 02:51:42",2016-10-09
34,"RING SNAKS",0,"RING SNAKS","RING SNAKS",20,25,30,PC,0,,0,0000-00-00,0,"2016-10-10 02:51:42",2016-10-09
34,"ROSTED CHANA ",0,"ROSTED CHANA ","ROSTED CHANA ",10,52,65,PC,0,,0,0000-00-00,0,"2016-10-10 02:51:42",2016-10-09
34,8906014765985,23,"BAJAJ ALMOND 300ML","BAJAJ ALMOND 300ML",2,145,150,PC,0,,0,0000-00-00,0,"2016-10-10 02:51:42",2016-10-09
34,8906014765992,23,"BAJAJ ALMOND 500ML","BAJAJ ALMOND 500ML",2,245,250,PC,0,,0,0000-00-00,0,"2016-10-10 02:51:42",2016-10-09
34,8901088045681,23,"PARACHUTE JASMINE OIL 300ML","PARACHUTE JASMINE OIL 300ML",6,117,120,PC,0,,0,0000-00-00,0,"2016-10-10 02:51:42",2016-10-09
34,8901088050418,23,"HAIR & CAIR 500ML","HAIR & CAIR 500ML",6,200,205,PC,0,,0,0000-00-00,0,"2016-10-10 02:51:42",2016-10-09
34,8901088021692,23,"HAIR & CAIR 300ML","HAIR & CAIR 300ML",6,132,135,PC,0,,0,0000-00-00,0,"2016-10-10 02:51:42",2016-10-09
34,8901088050166,23,"NIHAR SHANTI AMLA 500ML","NIHAR SHANTI AMLA 500ML",6,137,140,PC,0,,0,0000-00-00,0,"2016-10-10 02:51:43",2016-10-09
34,8901088067744,23,"NIHAR SHANTI AMLA 75ML","NIHAR SHANTI AMLA 75ML",6,47,49,PC,0,,0,0000-00-00,0,"2016-10-10 02:51:43",2016-10-09
34,89006825,0,"DABUR AMLA HAIR OIL 90ML","DABUR AMLA HAIR OIL 90ML",24,40,42,PC,0,,0,0000-00-00,0,"2016-10-09 00:00:00",2016-10-09
34,8901207001123,0,"DABUR ANMOL PURE COCONUT OIL 100ML","DABUR ANMOL PURE COCONUT OIL 100ML",10,25,26,PC,0,,0,0000-00-00,0,"2016-10-10 02:51:43",2016-10-09
34,4902430646437,44,"PANTENE HAIR FALL CONTROL 180ML","PANTENE HAIR FALL CONTROL 180ML",6,108,110,PC,0,,0,0000-00-00,0,"2016-10-10 02:51:43",2016-10-09
34,4902430545259,44,"PANTENE SILKY SMOOTH CLEAR 180ML","PANTENE SILKY SMOOTH CLEAR 180ML",6,108,110,PC,0,,0,0000-00-00,0,"2016-10-10 02:51:43",2016-10-09
34,4902430651530,44,"HEAD SHOULDER SMOOTH SILKY 180ML ","HEAD SHOULDER SMOOTH SILKY 180ML ",6,132,135,PC,0,,0,0000-00-00,0,"2016-10-10 02:51:43",2016-10-09
34,8901030593840,0,"CLINIC PLUS 175ML","CLINIC PLUS 175ML",8,92,95,PC,0,,0,0000-00-00,0,"2016-10-10 02:51:43",2016-10-09
34,8901030573224,0,"DOVE DAILY SHINE 80ML","DOVE DAILY SHINE 80ML",6,53,56,PC,0,,0,0000-00-00,0,"2016-10-10 02:51:43",2016-10-09
34,8901030573255,43,"SUNSILK BLACK 340ML","SUNSILK BLACK 340ML",6,185,190,PC,0,,0,0000-00-00,0,"2016-10-10 02:51:43",2016-10-09
34,8901030573262,43,"SUNSILK PINK 340ML","SUNSILK PINK 340ML",6,185,190,PC,0,,0,0000-00-00,0,"2016-10-10 02:51:43",2016-10-09
34,8901314032058,23,"HELLO SHAMPOO 1000 ML","HELLO SHAMPOO 1000 ML",6,270,280,PC,0,,0,0000-00-00,0,"2016-10-10 02:51:43",2016-10-09
34,8901030532832,0,"KISSAN FRESH TOMATO 200GM","KISSAN FRESH TOMATO 200GM",12,53,54,PC,0,,0,0000-00-00,0,"2016-10-10 02:51:44",2016-10-09
34,8901233018331,26,"BOURN VITA 500GM","BOURN VITA 500GM",6,210,215,PC,0,,0,0000-00-00,0,"2016-10-10 02:51:44",2016-10-09
34,8901233018355,26,"BOURN VITA 200GM","BOURN VITA 200GM",6,98,100,PC,0,,0,0000-00-00,0,"2016-10-10 02:51:44",2016-10-09
34,8901571000036,26,"HORLICKS 500G","HORLICKS 500G",6,225,230,PC,0,,0,0000-00-00,0,"2016-10-10 02:51:44",2016-10-09
34,8906014201209,23,"KEO-KARPIN 100ML","KEO-KARPIN 100ML",12,43,45,PC,0,,0,0000-00-00,0,"2016-10-10 02:51:44",2016-10-09
34,8901088076104,23,"PARACHUTE JASMINE OIL 90ML","PARACHUTE JASMINE OIL 90ML",12,38,39,PC,0,,0,0000-00-00,0,"2016-10-10 02:51:44",2016-10-09
34,8906014201308,23,"KEO-KARPIN 200ML","KEO-KARPIN 200ML",12,83,85,PC,0,,0,0000-00-00,0,"2016-10-10 02:51:44",2016-10-09
34,8901088055802,23,"PARACHUTE COCONUT OIL 175ML","PARACHUTE COCONUT OIL 175ML",10,56,58,PC,0,,0,0000-00-00,0,"2016-10-10 02:51:44",2016-10-09
34,8901314116031,0,"COLGATE KIDS2+","COLGATE KIDS2+",12,18,20,PC,0,,0,0000-00-00,0,"2016-10-10 02:51:44",2016-10-09
34,8901314200037,0,"COLGATE SUPER FELXI","COLGATE SUPER FELXI",24,16,18,PC,0,,0,0000-00-00,0,"2016-10-10 02:51:45",2016-10-09
34,8901314116420,0,"COLGATE ZIG ZAG ","COLGATE ZIG ZAG ",12,52,54,PC,0,,0,0000-00-00,0,"2016-10-10 02:51:45",2016-10-09
34,8901030560682,0,"TRESEMME SHAMPOO POUCH","TRESEMME SHAMPOO POUCH",96,3,3,PC,0,,0,0000-00-00,0,"2016-10-10 02:51:45",2016-10-09
34,8901233020747,0,"BOURN VITA 100GM","BOURN VITA 100GM",20,25,30,PC,0,,0,0000-00-00,0,"2016-10-10 02:51:45",2016-10-09
34,8901526204465,21,"GARNIER COLOR 3","GARNIER COLOR 3",2,170,175,PC,0,,0,0000-00-00,0,"2016-10-10 02:51:45",2016-10-09
34,8901526204458,21,"GARNIER COLOR 1","GARNIER COLOR 1",6,170,175,PC,0,,0,0000-00-00,0,"2016-10-10 02:51:45",2016-10-09
34,8901526204472,21,"GARNIER COLOR 3.16","GARNIER COLOR 3.16",4,170,175,PC,0,,0,0000-00-00,0,"2016-10-10 02:51:45",2016-10-09
34,8901138822217,0,"HIMALAYA BABY SOAP","HIMALAYA BABY SOAP",6,38,40,PC,0,,0,0000-00-00,0,"2016-10-10 02:51:45",2016-10-09
34,8901138511814,0,"HIMALAYA BABY POWDER 100G","HIMALAYA BABY POWDER 100G",6,58,60,PC,0,,0,0000-00-00,0,"2016-10-10 02:51:46",2016-10-09
34,8901012112359,48,"JOHNSONS BABY SOAP ","JOHNSONS BABY SOAP ",6,43,45,PC,0,,0,0000-00-00,0,"2016-10-10 02:51:46",2016-10-09
34,8901012111024,3,"JOHNSONS BABY POWDER ","JOHNSONS BABY POWDER ",6,58,60,PC,0,,0,0000-00-00,0,"2016-10-10 02:51:46",2016-10-09
34,42204169,0,"NIVEA SOFT CREAM","NIVEA SOFT CREAM",5,76,80,PC,0,,0,0000-00-00,0,"2016-10-10 02:51:46",2016-10-09
34,4902430666466,0,"GILLETTE GUARD ","GILLETTE GUARD ",16,21,22,PC,0,,0,0000-00-00,0,"2016-10-10 02:51:46",2016-10-09
34,8906016050805,21,"GARNIER COLOR MATE 9.2","GARNIER COLOR MATE 9.2",30,22,25,PC,0,,0,0000-00-00,0,"2016-10-10 02:51:46",2016-10-09
34,8906016050799,21,"GARNIER COLOR MATE 9.1","GARNIER COLOR MATE 9.1",30,23,25,PC,0,,0,0000-00-00,0,"2016-10-10 02:51:46",2016-10-09
34,8906016050812,21,"GARNIER COLOR MATE 9.3","GARNIER COLOR MATE 9.3",30,23,25,PC,0,,0,0000-00-00,0,"2016-10-10 02:51:47",2016-10-09
34,8901030565304,20,"FAIR LOVLEY 25GM","FAIR LOVLEY 25GM",16,46,48,PC,0,,0,0000-00-00,0,"2016-10-10 02:51:47",2016-10-09
34,8901030567063,0,"DOVE SHAMPOO $ CONDTIONER POUCH","DOVE SHAMPOO $ CONDTIONER POUCH",256,5,5,PC,0,,0,0000-00-00,0,"2016-10-10 02:51:47",2016-10-09
34,8901030521294,0,"DOVE SHAMPOO POUCH","DOVE SHAMPOO POUCH",960,1.5,1.5,PC,0,,0,0000-00-00,0,"2016-10-10 02:51:47",2016-10-09
34,4902430619400,44,"HEAD $ SHOULDERS PINK POUCH","HEAD $ SHOULDERS PINK POUCH",960,3,3,PC,0,,0,0000-00-00,0,"2016-10-10 02:51:47",2016-10-09
34,8901030557767,44,"SUNSLIK PINK POUCH","SUNSLIK PINK POUCH",960,1,1,PC,0,,0,0000-00-00,0,"2016-10-10 02:51:48",2016-10-09
34,8901030557750,44,"SUNSLIK BLACK POUCH","SUNSLIK BLACK POUCH",960,1,1,PC,0,,0,0000-00-00,0,"2016-10-10 02:51:48",2016-10-09
34,8901030603273,0,"CLINIC PLUS POUCH","CLINIC PLUS POUCH",960,1,1,PC,0,,0,0000-00-00,0,"2016-10-10 02:51:48",2016-10-09
34,8901725181222,31,"YIPPEE NOODLES","YIPPEE NOODLES",96,10,10,PC,0,,0,0000-00-00,0,"2016-10-10 02:51:48",2016-10-09
34,8901058842746,31,"MAGGI 4PACK","MAGGI 4PACK",24,44,45,PC,0,,0,0000-00-00,0,"2016-10-10 02:51:48",2016-10-09
34,8901058843590,31,"MAGGI 2PACK","MAGGI 2PACK",48,22,23,PC,0,,0,0000-00-00,0,"2016-10-10 02:51:48",2016-10-09
34,8901058842722,31,"MAGGI 1PACK","MAGGI 1PACK",96,11,12,PC,0,,0,0000-00-00,0,"2016-10-10 02:51:48",2016-10-09
34,846597049578,0,"TOPS RED CHILLI SAUCE 650 GM","TOPS RED CHILLI SAUCE 650 GM",18,50,52,PC,0,,0,0000-00-00,0,"2016-10-10 02:51:48",2016-10-09
34,846597049561,0,"TOPS GREEN CHILLI SOUCE","TOPS GREEN CHILLI SOUCE",18,50,52,PC,0,,0,0000-00-00,0,"2016-10-10 02:51:48",2016-10-09
34,8901030533006,49,"KISSAN FRESH TOMATO 1KG","KISSAN FRESH TOMATO 1KG",12,135,145,PC,0,,0,0000-00-00,0,"2016-10-10 02:51:48",2016-10-09
34,8901207019029,0,"DABUR AMLA HAIR OIL 450ML","DABUR AMLA HAIR OIL 450ML",32,186,190,PC,0,,0,0000-00-00,0,"2016-10-09 00:00:00",2016-10-09
34,8901030468087,57,"PEPSODENT 100GM","PEPSODENT 100GM",24,44,46,PC,0,,0,0000-00-00,0,"2016-10-10 02:51:48",2016-10-09
34,8901030486524,57,"CLOSE -UP DEEP ACTION 80GM","CLOSE -UP DEEP ACTION 80GM",24,44,46,PC,0,,0,0000-00-00,0,"2016-10-10 02:51:49",2016-10-09
34,8901314019257,57,"COLGATE TOTAL 140GM","COLGATE TOTAL 140GM",24,100,102,PC,0,,0,0000-00-00,0,"2016-10-10 02:51:49",2016-10-09
34,8901314010520,57,"COLGATE STRONG TEETH 100GM","COLGATE STRONG TEETH 100GM",24,44,46,PC,0,,0,0000-00-00,0,"2016-10-10 02:51:49",2016-10-09
34,8901314114525,57,"COLGATE MAX FRESH 80GM","COLGATE MAX FRESH 80GM",24,47,49,PC,0,,0,0000-00-00,0,"2016-10-10 02:51:49",2016-10-09
34,8901314114419,0,"COLGATE MAX FRESH 150GM","COLGATE MAX FRESH 150GM",48,87,90,PC,0,,0,0000-00-00,0,"2016-10-09 00:00:00",2016-10-09
34,8901314077790,0,"COLGATE VISIBLE WHITE 100GM","COLGATE VISIBLE WHITE 100GM",24,90,92,PC,0,,0,0000-00-00,0,"2016-10-10 02:51:49",2016-10-09
34,8901030468094,57,"PEPSODENT 200GM","PEPSODENT 200GM",24,80,82,PC,0,,0,0000-00-00,0,"2016-10-10 02:51:49",2016-10-09
34,8901138512460,20,"HIMALAYA NEEM FACE WASH 100ML","HIMALAYA NEEM FACE WASH 100ML",10,100,110,PC,0,,0,0000-00-00,0,"2016-10-10 02:51:49",2016-10-09
34,8901396352204,23,"VEET HAIR REMOVAL CREAM 60GM","VEET HAIR REMOVAL CREAM 60GM",12,108,110,PC,0,,0,0000-00-00,0,"2016-10-10 02:51:49",2016-10-09
34,8901030483134,20,"PONDS COLD CREAM 55ML/49GM","PONDS COLD CREAM 55ML/49GM",10,80,82,PC,0,,0,0000-00-00,0,"2016-10-10 02:51:49",2016-10-09
34,8902102194927,35,"UJALA 75ML","UJALA 75ML",12,19,20,PC,0,,0,0000-00-00,0,"2016-10-10 02:51:49",2016-10-09
34,8901138511487,0,"HIMALAYA BABY CREAM ","HIMALAYA BABY CREAM ",6,65,70,PC,0,,0,0000-00-00,0,"2016-10-10 02:51:50",2016-10-09
34,8901396010005,16,"ROBIN DAZZLING LIQUID ","ROBIN DAZZLING LIQUID ",12,46,47,PC,0,,0,0000-00-00,0,"2016-10-10 02:51:50",2016-10-09
34,8901030541292,7,"VESELINE DRY SKIN 300ML","VESELINE DRY SKIN 300ML",6,210,215,PC,0,,0,0000-00-00,0,"2016-10-10 02:51:50",2016-10-09
34,8901030553608,55,"LIPTON GREEN TEA PURE&LIGHT","LIPTON GREEN TEA PURE&LIGHT",3,135,140,PC,0,,0,0000-00-00,0,"2016-10-10 02:51:50",2016-10-09
34,8901030577680,0,"LIPTON GREEN TEA TULSI NATURE","LIPTON GREEN TEA TULSI NATURE",3,135,140,PC,0,,0,0000-00-00,0,"2016-10-10 02:51:50",2016-10-09
34,8901030546471,55,"LIPTON GREEN TEA 100GM","LIPTON GREEN TEA 100GM",6,90,100,PC,0,,0,0000-00-00,0,"2016-10-10 02:51:50",2016-10-09
34,8901138512408,0,"HIMALAYA HERBAL MASSAGE OIL 200ML","HIMALAYA HERBAL MASSAGE OIL 200ML",4,160,165,PC,0,,0,0000-00-00,0,"2016-10-10 02:51:50",2016-10-09
34,8901023005800,16,"EZEE LIQUID DETERGENT 50GM","EZEE LIQUID DETERGENT 50GM",6,47,49,PC,0,,0,0000-00-00,0,"2016-10-10 02:51:50",2016-10-09
34,8901396350200,35,"DETTOL ANISEPTIC LIQUID 110ML","DETTOL ANISEPTIC LIQUID 110ML",6,32,33,PC,0,,0,0000-00-00,0,"2016-10-10 02:51:50",2016-10-09
34,8906030292212,0,"GINGER GARLIC PASTE 200GM","GINGER GARLIC PASTE 200GM",4,42,45,PC,0,,0,0000-00-00,0,"2016-10-10 02:51:50",2016-10-09
34,8906030292205,0,"GARLIC PASTE 200GM","GARLIC PASTE 200GM",4,42,45,PC,0,,0,0000-00-00,0,"2016-10-10 02:51:50",2016-10-09
34,8906030292199,0,"GINGER PASTE 200GM","GINGER PASTE 200GM",4,42,45,PC,0,,0,0000-00-00,0,"2016-10-10 02:51:51",2016-10-09
34,8901255000185,0,"PANASONIC AA REMOTE CELL ","PANASONIC AA REMOTE CELL ",20,7,8,PC,0,,0,0000-00-00,0,"2016-10-10 02:51:51",2016-10-09
34,8901255000420,0,"PANASONIC JUMBOREMOTE CELL ","PANASONIC JUMBOREMOTE CELL ",20,7,8,PC,0,,0,0000-00-00,0,"2016-10-10 02:51:51",2016-10-09
34,8901559101519,0,"NIPPO GOLD ","NIPPO GOLD ",20,9,10,PC,0,,0,0000-00-00,0,"2016-10-10 02:51:51",2016-10-09
34,4902430655118,0,"GILLETE WILKINSON ","GILLETE WILKINSON ",20,13,15,PC,0,,0,0000-00-00,0,"2016-10-10 02:51:51",2016-10-09
34,8901207019067,0,"DABUR SARSON AMLA 175ML","DABUR SARSON AMLA 175ML",6,45,47,PC,0,,0,0000-00-00,0,"2016-10-10 02:51:51",2016-10-09
34,89006740,56,"NASCAFE 50GM","NASCAFE 50GM",24,127,130,PC,0,,0,0000-00-00,0,"2016-10-10 02:51:51",2016-10-09
34,89006733,56,"NASCAFE 25GM","NASCAFE 25GM",24,68,70,PC,0,,0,0000-00-00,0,"2016-10-10 02:51:51",2016-10-09
34,"DABUR SARSON AMLA 80ML",0,"DABUR SARSON AMLA 80ML","DABUR SARSON AMLA 80ML",6,19,20,PC,0,,0,0000-00-00,0,"2016-10-10 02:51:51",2016-10-09
34,"DABUR SARSON AMLA 40ML",0,"DABUR SARSON AMLA 40ML","DABUR SARSON AMLA 40ML",12,10,10,PC,0,,0,0000-00-00,0,"2016-10-10 02:51:51",2016-10-09
34,8901207089107,57,"DABUR RED 50GM","DABUR RED 50GM",24,19,20,PC,0,,0,0000-00-00,0,"2016-10-10 02:51:51",2016-10-09
34,8908001589031,0,"PUNJAB KING PURE DESI GHEE 1KG","PUNJAB KING PURE DESI GHEE 1KG",36,375,380,PC,0,,0,0000-00-00,0,"2016-10-09 00:00:00",2016-10-09
34,8908001589024,58,"PUNJAB KING PURE DESI GHEE 500GM","PUNJAB KING PURE DESI GHEE 500GM",36,190,210,PC,0,,0,0000-00-00,0,"2016-10-10 02:51:52",2016-10-09
34,8904043901015,42,"TATA SALT","TATA SALT",250,17,18,PC,0,,0,0000-00-00,0,"2016-10-10 02:51:52",2016-10-09
34,8901030450389,55,"RED LEBAL BROOK BOND 500GM","RED LEBAL BROOK BOND 500GM",24,162,165,PC,0,,0,0000-00-00,0,"2016-10-10 02:51:52",2016-10-09
34,8901030560989,55,"RED LEBAL BROOK BOND 250GM","RED LEBAL BROOK BOND 250GM",48,88,90,PC,0,,0,0000-00-00,0,"2016-10-10 02:51:52",2016-10-09
34,846597067015,0,"tops drinking chocolate 100gm","tops drinking chocolate 100gm",6,57,60,PC,0,,0,0000-00-00,0,"2016-10-10 02:51:52",2016-10-09
34,8901030535048,49,"kissan mixed fruit jam","kissan mixed fruit jam",24,122,130,PC,0,,0,0000-00-00,0,"2016-10-10 02:51:52",2016-10-09
34,8908006129126,0,"RAMA 1LTR","RAMA 1LTR",36,105,148,PC,0,,0,0000-00-00,0,"2016-10-10 02:51:52",2016-10-09
34,8908006129140,0,"RAMA 2LTR","RAMA 2LTR",18,210,280,PC,0,,0,0000-00-00,0,"2016-10-10 02:51:53",2016-10-09
34,8908006129157,0,"RAMA 5LTR","RAMA 5LTR",9,525,730,PC,0,,0,0000-00-00,0,"2016-10-10 02:51:53",2016-10-09
34,"AGMARK OIL 1LTR",0,"AGMARK OIL 1LTR","AGMARK OIL 1LTR",24,102,130,PC,0,,0,0000-00-00,0,"2016-10-10 02:51:53",2016-10-09
34,"AGMARK OIL 2LTR",0,"AGMARK OIL 2LTR","AGMARK OIL 2LTR",24,204,280,PC,0,,0,0000-00-00,0,"2016-10-10 02:51:53",2016-10-09
34,"AGMARK OIL 5LTR",0,"AGMARK OIL 5LTR","AGMARK OIL 5LTR",12,510,550,PC,0,,0,0000-00-00,0,"2016-10-10 02:51:53",2016-10-09
34,"AGMARK OIL 15LTR",0,"AGMARK OIL 15LTR","AGMARK OIL 15LTR",3,1380,1650,PC,0,,0,0000-00-00,0,"2016-10-10 02:51:53",2016-10-09
34,690225103626,40,"INDIA GATE BASMATI FEAST ROZZANA 1 KG","INDIA GATE BASMATI FEAST ROZZANA 1 KG",40,62,83,PC,0,,0,0000-00-00,0,"2016-10-10 02:51:53",2016-10-09
34,690225103633,40,"INDIA GATE BASMATI FEAST ROZZANA 5 KG","INDIA GATE BASMATI FEAST ROZZANA 5 KG",8,300,355,PC,0,,0,0000-00-00,0,"2016-10-10 02:51:53",2016-10-09
34,690225103138,40,"INDIAN GATE DUBAR 5KG","INDIAN GATE DUBAR 5KG",8,380,445,PC,0,,0,0000-00-00,0,"2016-10-10 02:51:53",2016-10-09
34,8908000229044,0,"SANJAY WASHING SOAP","SANJAY WASHING SOAP",40,59,60,PC,0,,0,0000-00-00,0,"2016-10-10 02:51:53",2016-10-09
34,8901764012501,12,"Coca cola","Coca cola",36,76,85,PC,0,,0,0000-00-00,0,"2016-10-10 02:51:53",2016-10-09
34,8901764052408,12,Limca,Limca,36,76,85,PC,0,,0,0000-00-00,0,"2016-10-10 02:51:53",2016-10-09
34,8901764022401,12,Fanta,Fanta,36,76,85,PC,0,,0,0000-00-00,0,"2016-10-10 02:51:53",2016-10-09
34,"Shiv Pujari",0,"Shiv Pujari","Shiv Pujari",200,28,45,PC,0,,0,0000-00-00,0,"2016-10-10 02:51:53",2016-10-09
34,690225104197,40,"India Gate Mini Mogra 10kg","India Gate Mini Mogra 10kg",5,420,520,PC,0,,0,0000-00-00,0,"2016-10-10 02:51:54",2016-10-09
34,8902102160144,2,"Maya Jasmine","Maya Jasmine",60,9,10,PC,0,,0,0000-00-00,0,"2016-10-10 02:51:54",2016-10-09
34,8902102160212,2,"Maya Rose","Maya Rose",60,9,10,PC,0,,0,0000-00-00,0,"2016-10-10 02:51:54",2016-10-09
34,8901063142015,0,"Brittania Nutri Choice","Brittania Nutri Choice",120,19,20,PC,0,,0,0000-00-00,0,"2016-10-10 02:51:54",2016-10-09
34,8901063163065,6,"Tiger Glucose","Tiger Glucose",120,9.5,10,PC,0,,0,0000-00-00,0,"2016-10-10 02:51:54",2016-10-09
34,8901063016569,6,"Britannia 50:50","Britannia 50:50",280,5,5,PC,0,,0,0000-00-00,0,"2016-10-10 02:51:54",2016-10-09
34,8901063016590,6,"Britannia 50:50","Britannia 50:50",140,9.5,10,PC,0,,0,0000-00-00,0,"2016-10-10 02:51:54",2016-10-09
34,8901063029163,0,"Jim Jam","Jim Jam",150,19,20,PC,0,,0,0000-00-00,0,"2016-10-10 02:51:54",2016-10-09
34,8901063163010,0,"Tiger Glucose","Tiger Glucose",288,5,5,PC,0,,0,0000-00-00,0,"2016-10-10 02:51:55",2016-10-09
34,8901063092297,6,"Gooday Butter","Gooday Butter",96,19,20,PC,0,,0,0000-00-00,0,"2016-10-10 02:51:55",2016-10-09
34,8901063162143,6,"Marie Gold","Marie Gold",60,9,10,PC,0,,0,0000-00-00,0,"2016-10-10 02:51:55",2016-10-09
34,"Bakery Biscuit Zira 300g",0,"Bakery Biscuit Zira 300g","Bakery Biscuit Zira 300g",12,42,45,PC,0,,0,0000-00-00,0,"2016-10-10 02:51:55",2016-10-09
34,"Bakery Biscuit Zira 500g",0,"Bakery Biscuit Zira 500g","Bakery Biscuit Zira 500g",12,65,75,PC,0,,0,0000-00-00,0,"2016-10-10 02:51:55",2016-10-09
34,"Cake Rusk 300g",0,"Cake Rusk 300g","Cake Rusk 300g",24,50,55,PC,0,,0,0000-00-00,0,"2016-10-10 02:51:55",2016-10-09
34,"Bakery Biscuit Choclate Cookies 300g",0,"Bakery Biscuit Choclate Cookies 300g","Bakery Biscuit Choclate Cookies 300g",12,42,45,PC,0,,0,0000-00-00,0,"2016-10-10 02:51:55",2016-10-09
34,"Bakery Biscuit jam 500g",0,"Bakery Biscuit jam 500g","Bakery Biscuit jam 500g",12,70,75,PC,0,,0,0000-00-00,0,"2016-10-10 02:51:55",2016-10-09
34,8902102160168,2,"Maya Sandal","Maya Sandal",60,9,10,PC,0,,0,0000-00-00,0,"2016-10-10 02:51:55",2016-10-09
34,8902102199427,17,"Exo Round","Exo Round",36,43,45,PC,0,,0,0000-00-00,0,"2016-10-10 02:51:55",2016-10-09
34,8906031580424,0,"Ezee Brite","Ezee Brite",120,12,15,PC,0,,0,0000-00-00,0,"2016-10-10 02:51:55",2016-10-09
34,8902102198833,29,"Exo Safai","Exo Safai",48,12,15,PC,0,,0,0000-00-00,0,"2016-10-10 02:51:55",2016-10-09
34,8901058816129,0,"Every Day Dry Milk 200g","Every Day Dry Milk 200g",12,86,88,PC,0,,0,0000-00-00,0,"2016-10-10 02:51:56",2016-10-09
34,8901058844917,0,"Every Day Dry Milk 400g","Every Day Dry Milk 400g",12,172,174,PC,0,,0,0000-00-00,0,"2016-10-10 02:51:56",2016-10-09
34,8906030941295,0,"Victory Sounf","Victory Sounf",50,32,44,PC,0,,0,0000-00-00,0,"2016-10-10 02:51:56",2016-10-09
34,8906030941547,0,"Victory Ajwain","Victory Ajwain",50,40,58,PC,0,,0,0000-00-00,0,"2016-10-10 02:51:56",2016-10-09
34,8906030943046,0,"Victory Kali Mirch","Victory Kali Mirch",100,112,168,PC,0,,0,0000-00-00,0,"2016-10-10 02:51:56",2016-10-09
34,690225106092,40,"India Gate Mogra","India Gate Mogra",16,280,320,PC,0,,0,0000-00-00,0,"2016-10-10 02:51:56",2016-10-09
34,690225106474,0,"India Gate Mini Dubar ","India Gate Mini Dubar ",16,260,300,PC,0,,0,0000-00-00,0,"2016-10-10 02:51:56",2016-10-09
34,8902167000218,50,"MDH Chicken Masala","MDH Chicken Masala",10,60,65,PC,0,,0,0000-00-00,0,"2016-10-10 02:51:56",2016-10-09
34,8902167000065,50,"MDH Chunky Chat Masala","MDH Chunky Chat Masala",20,55,60,PC,0,,0,0000-00-00,0,"2016-10-10 02:51:56",2016-10-09
34,8902167000102,50,"MDH Kitchen King","MDH Kitchen King",20,56,63,PC,0,,0,0000-00-00,0,"2016-10-10 02:51:57",2016-10-09
34,8902167000140,50,"MDH Meat Masala","MDH Meat Masala",20,62,65,PC,0,,0,0000-00-00,0,"2016-10-10 02:51:57",2016-10-09
34,8902167000737,50,"MDH Zeera Powder","MDH Zeera Powder",20,55,60,PC,0,,0,0000-00-00,0,"2016-10-10 02:51:57",2016-10-09
34,8902167000164,50,"MDH Kauri Methi","MDH Kauri Methi",20,23,25,PC,0,,0,0000-00-00,0,"2016-10-10 02:51:57",2016-10-09
34,8902167000317,50,"MDH Kali Mirch Powder","MDH Kali Mirch Powder",10,155,168,PC,0,,0,0000-00-00,0,"2016-10-10 02:51:57",2016-10-09
34,8902167000034,50,"MDH Degi Mirch","MDH Degi Mirch",20,50,54,PC,0,,0,0000-00-00,0,"2016-10-10 02:51:57",2016-10-09
34,8902167000089,50,"MDH Channa Masala","MDH Channa Masala",20,50,58,PC,0,,0,0000-00-00,0,"2016-10-10 02:51:57",2016-10-09
34,8902167000300,50,"Amchoor Powder ","Amchoor Powder ",10,63,75,PC,0,,0,0000-00-00,0,"2016-10-10 02:51:57",2016-10-09
34,"Badam 1 kg",0,"Badam 1 kg","Badam 1 kg",10,700,1200,PC,0,,0,0000-00-00,0,"2016-10-10 02:51:57",2016-10-09
34,"Small Elaichi kg",0,"Small Elaichi kg","Small Elaichi kg",5,1220,1300,PC,0,,0,0000-00-00,0,"2016-10-10 02:51:57",2016-10-09
34,"Sogi 1 Kg",0,"Sogi 1 Kg","Sogi 1 Kg",5,230,300,PC,0,,0,0000-00-00,0,"2016-10-10 02:51:57",2016-10-09
34,"KAJU 1 Kg",0,"KAJU 1 Kg","KAJU 1 Kg",6,980,1200,PC,0,,0,0000-00-00,0,"2016-10-10 02:51:58",2016-10-09
34,"Ajanta Red 10g",0,"Ajanta Red 10g","Ajanta Red 10g",25,6,7,PC,0,,0,0000-00-00,0,"2016-10-10 02:51:58",2016-10-09
34,"Ajanta Yelow 10g",0,"Ajanta Yelow 10g","Ajanta Yelow 10g",25,6,7,PC,0,,0,0000-00-00,0,"2016-10-10 02:51:58",2016-10-09
34,"Ajanta Green 10g",0,"Ajanta Green 10g","Ajanta Green 10g",25,6,7,PC,0,,0,0000-00-00,0,"2016-10-10 02:51:58",2016-10-09
34,"Steel Broom",0,"Steel Broom","Steel Broom",25,60,0,PC,0,,0,0000-00-00,0,"2016-10-10 02:51:58",2016-10-09
34,"Plastic Broom",0,"Plastic Broom","Plastic Broom",25,55,0,PC,0,,0,0000-00-00,0,"2016-10-10 02:51:58",2016-10-09
34,"Broom Bans",0,"Broom Bans","Broom Bans",25,30,0,PC,0,,0,0000-00-00,0,"2016-10-10 02:51:58",2016-10-09
34,"Mayur Rusk",0,"Mayur Rusk","Mayur Rusk",12,36,40,PC,0,,0,0000-00-00,0,"2016-10-10 02:51:58",2016-10-09
34,Rusk,0,Rusk,Rusk,12,36,40,PC,0,,0,0000-00-00,0,"2016-10-10 02:51:58",2016-10-09
34,8901396332114,46,"Dettol Frsh Shaving Ceam ","Dettol Frsh Shaving Ceam ",6,65,69,PC,0,,0,0000-00-00,0,"2016-10-10 02:51:58",2016-10-09
34,"Dusbin No.8",0,"Dusbin No.8","Dusbin No.8",4,170,190,PC,0,,0,0000-00-00,0,"2016-10-10 02:51:58",2016-10-09
34,89030744010239,0,"Nona Knife","Nona Knife",10,30,42,PC,0,,0,0000-00-00,0,"2016-10-10 02:51:59",2016-10-09
34,"Masale Dani",0,"Masale Dani","Masale Dani",6,70,108,PC,0,,0,0000-00-00,0,"2016-10-10 02:51:59",2016-10-09
34,"Ganga Mug",0,"Ganga Mug","Ganga Mug",24,20,25,PC,0,,0,0000-00-00,0,"2016-10-10 02:51:59",2016-10-09
34,"Clip Rose Plastic",0,"Clip Rose Plastic","Clip Rose Plastic",4,20,30,PC,0,,0,0000-00-00,0,"2016-10-10 02:51:59",2016-10-09
34,"Clip liza Steel",0,"Clip liza Steel","Clip liza Steel",4,60,85,PC,0,,0,0000-00-00,0,"2016-10-10 02:51:59",2016-10-09
34,Beater,0,Beater,Beater,6,40,60,PC,0,,0,0000-00-00,0,"2016-10-10 02:51:59",2016-10-09
34,"Nova Kitchenware",0,"Nova Kitchenware","Nova Kitchenware",6,50,60,PC,0,,0,0000-00-00,0,"2016-10-10 02:51:59",2016-10-09
34,"Chilli Cutter Senso",0,"Chilli Cutter Senso","Chilli Cutter Senso",6,70,88,PC,0,,0,0000-00-00,0,"2016-10-10 02:51:59",2016-10-09
34,"astic Poni Sneha",0,"astic Poni Sneha","astic Poni Sneha",12,10,12,PC,0,,0,0000-00-00,0,"2016-10-10 02:51:59",2016-10-09
34,"Ganga Hanger Plastic",0,"Ganga Hanger Plastic","Ganga Hanger Plastic",4,110,124,PC,0,,0,0000-00-00,0,"2016-10-10 02:51:59",2016-10-09
34,"Shelf Wiper Capital",0,"Shelf Wiper Capital","Shelf Wiper Capital",6,20,25,PC,0,,0,0000-00-00,0,"2016-10-10 02:52:00",2016-10-09
34,205777000242,0,"Tile Brush Active","Tile Brush Active",10,47,65,PC,0,,0,0000-00-00,0,"2016-10-10 02:52:00",2016-10-09
34,"Soap Case",0,"Soap Case","Soap Case",12,20,25,PC,0,,0,0000-00-00,0,"2016-10-10 02:52:00",2016-10-09
34,"Steel Poni Optra ",0,"Steel Poni Optra ","Steel Poni Optra ",12,25,34,PC,0,,0,0000-00-00,0,"2016-10-10 02:52:00",2016-10-09
34,"Tray welcome small",0,"Tray welcome small","Tray welcome small",5,55,65,PC,0,,0,0000-00-00,0,"2016-10-10 02:52:00",2016-10-09
34,"Tray Carnival small",0,"Tray Carnival small","Tray Carnival small",1,60,80,PC,0,,0,0000-00-00,0,"2016-10-10 02:52:00",2016-10-09
34,"Tray Carniwal medium",0,"Tray Carniwal medium","Tray Carniwal medium",2,100,135,PC,0,,0,0000-00-00,0,"2016-10-10 02:52:00",2016-10-09
34,"Tray welcome Medium",0,"Tray welcome Medium","Tray welcome Medium",2,86,120,PC,0,,0,0000-00-00,0,"2016-10-10 02:52:00",2016-10-09
34,"Tray Aurus Small",0,"Tray Aurus Small","Tray Aurus Small",2,68,92,PC,0,,0,0000-00-00,0,"2016-10-10 02:52:00",2016-10-09
34,"Ganga Dustapan",0,"Ganga Dustapan","Ganga Dustapan",6,30,40,PC,0,,0,0000-00-00,0,"2016-10-10 02:52:01",2016-10-09
34,"Tiger Dustbin",0,"Tiger Dustbin","Tiger Dustbin",6,60,80,PC,0,,0,0000-00-00,0,"2016-10-10 02:52:01",2016-10-09
34,"Plastic Glass",0,"Plastic Glass","Plastic Glass",20,20,25,PC,0,,0,0000-00-00,0,"2016-10-10 02:52:01",2016-10-09
34,"Jala Brush",0,"Jala Brush","Jala Brush",6,80,90,PC,0,,0,0000-00-00,0,"2016-10-10 02:52:01",2016-10-09
34,"Toilet Brush",0,"Toilet Brush","Toilet Brush",10,50,70,PC,0,,0,0000-00-00,0,"2016-10-10 02:52:01",2016-10-09
34,"Pressing Mop",0,"Pressing Mop","Pressing Mop",3,125,200,PC,0,,0,0000-00-00,0,"2016-10-10 02:52:01",2016-10-09
34,"Brush PLASTIC",0,"Brush PLASTIC","Brush PLASTIC",8,23,40,PC,0,,0,0000-00-00,0,"2016-10-10 02:52:01",2016-10-09
34,"Wood Brush",0,"Wood Brush","Wood Brush",12,23,40,PC,0,,0,0000-00-00,0,"2016-10-10 02:52:02",2016-10-09
34,"Wiper Twoware",0,"Wiper Twoware","Wiper Twoware",6,70,130,PC,0,,0,0000-00-00,0,"2016-10-10 02:52:02",2016-10-09
34,"Wiper JK",0,"Wiper JK","Wiper JK",6,110,160,PC,0,,0,0000-00-00,0,"2016-10-10 02:52:02",2016-10-09
34,"Wiper TLDL",0,"Wiper TLDL","Wiper TLDL",6,160,210,PC,0,,0,0000-00-00,0,"2016-10-10 02:52:02",2016-10-09
34,"Victor Mop",0,"Victor Mop","Victor Mop",3,240,375,PC,0,,0,0000-00-00,0,"2016-10-10 02:52:02",2016-10-09
34,"Jar 1 Ltr",0,"Jar 1 Ltr","Jar 1 Ltr",2,150,200,PC,0,,0,0000-00-00,0,"2016-10-10 02:52:02",2016-10-09
34,"Jar 1.5 Ltr",0,"Jar 1.5 Ltr","Jar 1.5 Ltr",4,110,180,PC,0,,0,0000-00-00,0,"2016-10-10 02:52:03",2016-10-09
34,"Jali no.10",0,"Jali no.10","Jali no.10",12,22,25,PC,0,,0,0000-00-00,0,"2016-10-10 02:52:03",2016-10-09
34,"Jali no.9",0,"Jali no.9","Jali no.9",12,20,27,PC,0,,0,0000-00-00,0,"2016-10-10 02:52:03",2016-10-09
34,"Jali no.8",0,"Jali no.8","Jali no.8",12,18,27,PC,0,,0,0000-00-00,0,"2016-10-10 02:52:03",2016-10-09
34,"Bhandari Soap",0,"Bhandari Soap","Bhandari Soap",10,53,70,PC,0,,0,0000-00-00,0,"2016-10-10 02:52:03",2016-10-09
34,"White Soap",0,"White Soap","White Soap",10,54,60,PC,0,,0,0000-00-00,0,"2016-10-10 02:52:03",2016-10-09
34,8906022260274,0,"Chokra 1 kg","Chokra 1 kg",220,63,65,PC,0,,0,0000-00-00,0,"2016-10-09 00:00:00",2016-10-09
34,8901396476009,11,"Colin 500 ml","Colin 500 ml",10,72,75,PC,0,,0,0000-00-00,0,"2016-10-10 02:52:03",2016-10-09
34,8901725198329,47,"Bingo Mad angle","Bingo Mad angle",27,10,10,PC,0,,0,0000-00-00,0,"2016-10-10 02:52:03",2016-10-09
34,"Juneja Soap",0,"Juneja Soap","Juneja Soap",50,10,12,PC,0,,0,0000-00-00,0,"2016-10-10 02:52:04",2016-10-09
34,8906026880768,0,"Russian Set","Russian Set",3,170,249,PC,0,,0,0000-00-00,0,"2016-10-10 02:52:04",2016-10-09
34,8906069690157,0,"Guava Juice","Guava Juice",6,95,120,PC,0,,0,0000-00-00,0,"2016-10-10 02:52:04",2016-10-09
34,"Golden Horse Tea 250g",0,"Golden Horse Tea 250g","Golden Horse Tea 250g",50,92,95,PC,0,,0,0000-00-00,0,"2016-10-10 02:52:04",2016-10-09
34,8901491503037,47,"Lays Green","Lays Green",30,10,10,PC,0,,0,0000-00-00,0,"2016-10-10 02:52:04",2016-10-09
34,8901491503020,47,"Lays Blue","Lays Blue",30,10,10,PC,0,,0,0000-00-00,0,"2016-10-10 02:52:04",2016-10-09
34,8901491503013,47,"Lays Yellow","Lays Yellow",30,10,10,PC,0,,0,0000-00-00,0,"2016-10-10 02:52:04",2016-10-09
34,8906014765947,23,"DABUR ALMOND 50ML","DABUR ALMOND 50ML",10,30,32,PC,0,,0,0000-00-00,0,"2016-10-10 02:52:04",2016-10-09
34,8901393016239,0,"CENTER FRESH 578GM","CENTER FRESH 578GM",1,168,170,PC,0,,0,0000-00-00,0,"2016-10-10 02:52:04",2016-10-09
34,8906014765961,23,"BAJAJ ALMOND 100ML","BAJAJ ALMOND 100ML",10,58,60,PC,0,,0,0000-00-00,0,"2016-10-10 02:52:04",2016-10-09
34,8901052000807,0,"Tata gold 250 g","Tata gold 250 g",144,105,108,PC,0,,0,0000-00-00,0,"2016-10-09 00:00:00",2016-10-09
34,8906022260274,0,"Chokra 1 kg","Chokra 1 kg",240,63,65,PC,0,,0,0000-00-00,0,"2016-10-09 00:00:00",2016-10-09
34,8908001589031,0,"PUNJAB KING PURE DESI GHEE 1KG","PUNJAB KING PURE DESI GHEE 1KG",54,375,380,PC,0,,0,0000-00-00,0,"2016-10-09 00:00:00",2016-10-09
34,8906014643788,0,"Gagan Soya 15 ltr","Gagan Soya 15 ltr",16,1185,1532,PC,0,,0,0000-00-00,0,"2016-10-09 00:00:00",2016-10-09
34,8909090000070,0,"KATARIA MIX PICKLE 1KG","<p>
	KATARIA MIX PICKLE 1KG</p>
",24,70,100,PC,0,,0,0000-00-00,0,"2016-10-10 02:52:05",2016-10-09
34,"BOONDI PUDINA",0,"BOONDI PUDINA","<p>
	BOONDI PUDINA</p>
",20,40,52,PC,0,,0,0000-00-00,0,"2016-10-10 02:52:05",2016-10-09
34,"SNACKS KATORI",0,"SNACKS KATORI","<p>
	SNACKS KATORI</p>
",20,20,25,PC,0,,0,0000-00-00,0,"2016-10-10 02:52:05",2016-10-09
34,"MIX NAMKEEN 600GM",0,"MIX NAMKEEN 600GM","<p>
	MIX NAMKEEN 600GM</p>
",20,90,92,PC,0,,0,0000-00-00,0,"2016-10-10 02:52:05",2016-10-09
34,"CHOWDRY BREEK PKORIA",0,"CHOWDRY BREEK PKORIA","<p>
	CHOWDRY BREEK PKORIA</p>
",20,22,25,PC,0,,0,0000-00-00,0,"2016-10-10 02:52:05",2016-10-09
34,8901030323751,0,"PONDS DREAM, FLOWER PWDR 200GM","<p>
	PONDS DREAM, FLOWER PWDR 200GM</p>
",4,120,130,PC,0,,0,0000-00-00,0,"2016-10-10 02:52:06",2016-10-09
34,8901030323775,0,"PONDS DREAM, FLOWER PWDR 100GM","<p>
	PONDS DREAM, FLOWER PWDR 100GM</p>
",4,67,69,PC,0,,0,0000-00-00,0,"2016-10-10 02:52:06",2016-10-09
34,"Bakery Biscuit Peanut 500g",0,"Bakery Biscuit Peanut 500g","<p>
	Bakery Biscuit Peanut 500g</p>
",12,70,75,PC,0,,0,0000-00-00,0,"2016-10-10 02:52:06",2016-10-09
34,8901663004003,0,"Broom Gala small","<p>
	Broom Gala small</p>
",2,155,168,PC,0,,0,0000-00-00,0,"2016-10-10 02:52:06",2016-10-09
34,8901663104000,0,"Broom Gala Big","<p>
	Broom Gala Big</p>
",2,180,199,PC,0,,0,0000-00-00,0,"2016-10-10 02:52:06",2016-10-09
34,PARKLAND,0,PARKLAND,"<p>
	PARKLAND</p>
",160,15,20,PC,0,,0,0000-00-00,0,"2016-10-10 02:52:06",2016-10-09
34,8901088017381,0,"SAFFOLA REFINED 1LTR","<p>
	SAFFOLA REFINED 1LTR</p>
",20,128,130,PC,0,,0,0000-00-00,0,"2016-10-10 02:52:06",2016-10-09
34,"SAFFOLA REFINED 2LTR",0,"SAFFOLA REFINED 2LTR","<p>
	SAFFOLA REFINED 2LTR</p>
",10,296,300,PC,0,,0,0000-00-00,0,"2016-10-10 02:52:06",2016-10-09
34,822660000196,0,"MARVEL TEA RED 250G","<p>
	MARVEL TEA RED 250G</p>
",100,49,62,PC,0,,0,0000-00-00,0,"2016-10-10 02:52:06",2016-10-09
34,"SHABNAM GOLD 1KG",0,"SHABNAM GOLD 1KG","<p>
	SHABNAM GOLD 1KG</p>
",50,220,240,PC,0,,0,0000-00-00,0,"2016-10-10 02:52:06",2016-10-09
34,8906000010181,0,"SUGAND GOLD 1 KG","<p>
	SUGAND GOLD 1 KG</p>
",30,223,243,PC,0,,0,0000-00-00,0,"2016-10-10 02:52:07",2016-10-09
34,8906000010174,0,"SUGAND GOLD 500 GM","<p>
	SUGAND GOLD 500 GM</p>
",60,112,122,PC,0,,0,0000-00-00,0,"2016-10-10 02:52:07",2016-10-09
34,8906000010167,0,"SUGAND GOLD 250 GM","<p>
	SUGAND GOLD 250 GM</p>
",120,56,62,PC,0,,0,0000-00-00,0,"2016-10-10 02:52:07",2016-10-09
34,8904043901077,0,"TATA TEA SALT LITE","<p>
	TATA TEA SALT LITE</p>
",50,30,32,PC,0,,0,0000-00-00,0,"2016-10-10 02:52:07",2016-10-09
34,8904043921013,0,"I-SHAKTI SALT","<p>
	I-SHAKTI SALT</p>
",50,10,14,PC,0,,0,0000-00-00,0,"2016-10-10 02:52:07",2016-10-09
34,8906022260274,0,"Chokra 1 kg","Chokra 1 kg",340,63,65,PC,0,,0,0000-00-00,0,"2016-10-09 00:00:00",2016-10-09
34,8906022260281,0,"CHOKRA  SOAP 9 kg","<p>
	CHOKRA&nbsp; SOAP 9 kg</p>
",100,63,65,PC,0,,0,0000-00-00,0,"2016-10-10 02:52:08",2016-10-09
34,"BHINDARI SOAP",0,"BHINDARI SOAP","<p>
	BHINDARI SOAP</p>
",10,53,70,PC,0,,0,0000-00-00,0,"2016-10-10 02:52:08",2016-10-09
34,8901030589812,0,"LIFEBUOY COOL FRESH HANDWASH POUCH 185ML","<p>
	LIFEBUOY COOL FRESH HANDWASH POUCH 185ML</p>
",7,13,15,PC,0,,0,0000-00-00,0,"2016-10-10 02:52:08",2016-10-09
34,"shudh bhog besan 1kg",0,"shudh bhog besan 1kg","<p>
	shudh bhog besan 1kg</p>
",125,112,120,PC,0,,0,0000-00-00,0,"2016-10-10 02:52:08",2016-10-09
34,"shudh bhog besan 500gm",0,"shudh bhog besan 500gm","<p>
	shudh bhog besan 500gm</p>
",150,54,65,PC,0,,0,0000-00-00,0,"2016-10-10 02:52:08",2016-10-09
34,8902102161387,0,pril,"<p>
	pril</p>
",24,100,105,PC,0,,0,0000-00-00,0,"2016-10-10 02:52:08",2016-10-09
34,"tringo supreme1 kg",0,"tringo supreme1 kg","<p>
	tringo supreme1 kg</p>
",150,47,50,PC,0,,0,0000-00-00,0,"2016-10-10 02:52:08",2016-10-09
34,"tringo ttoilet cleaner",0,"tringo ttoilet cleaner","<p>
	tringo ttoilet cleaner</p>
",40,50,60,PC,0,,0,0000-00-00,0,"2016-10-10 02:52:08",2016-10-09
34,690225106931,0,"unity mongra ","<p>
	unity mongra</p>
",10,450,490,PC,0,,0,0000-00-00,0,"2016-10-10 02:52:08",2016-10-09
34,690225106948,0,"unity mini mongra","<p>
	unity mini mongra</p>
",10,350,380,PC,0,,0,0000-00-00,0,"2016-10-10 02:52:08",2016-10-09
34,8908000071865,0,"NUTRI SOYA","<p>
	NUTRI SOYA</p>
",50,38,40,PC,0,,0,0000-00-00,0,"2016-10-10 02:52:09",2016-10-09
34,IMLI,0,IMLI,"<p>
	IMLI</p>
",30,50,60,PC,0,,0,0000-00-00,0,"2016-10-10 02:52:09",2016-10-09
34,"SHAMPOO JONSON ",0,"SHAMPOO JONSON ","<p>
	SHAMPOO JONSON</p>
",23,83,85,PC,0,,0,0000-00-00,0,"2016-10-10 02:52:09",2016-10-09
34,8901542008832,0,"NICIL POWDER","<p>
	NICIL POWDER</p>
",5,78,82,PC,0,,0,0000-00-00,0,"2016-10-10 02:52:09",2016-10-09
34,8901542012556,0,"NYCIL POWDER HERBAL","<p>
	NYCIL POWDER HERBAL</p>
",4,78,82,PC,0,,0,0000-00-00,0,"2016-10-10 02:52:09",2016-10-09
34,"ambesdesder wrap 18mtr",0,"ambesdesder wrap 18mtr","<p>
	ambesdesder wrap 18mtr</p>
",15,70,120,PC,0,,0,0000-00-00,0,"2016-10-10 02:52:09",2016-10-09
34,"silver fold 72mtr",0,"silver fold 72mtr","<p>
	silver fold 72mtr</p>
",15,220,290,PC,0,,0,0000-00-00,0,"2016-10-10 02:52:09",2016-10-09
34,"amritsari warian",0,"amritsari warian","<p>
	amritsari warian</p>
",20,45,60,PC,0,,0,0000-00-00,0,"2016-10-10 02:52:09",2016-10-09
34,8908006515004,0,"Bonne Tender Kare","<p>
	Bonne Tender Kare</p>
",15,10,15,PC,0,,0,0000-00-00,0,"2016-10-10 02:52:09",2016-10-09
34,"Dadur Honey 50gm",0,"Dadur Honey 50gm","<p>
	Dadur Honey 50gm</p>
",12,35,37,PC,0,,0,0000-00-00,0,"2016-10-10 02:52:09",2016-10-09
34,8906002524181,0,"Raja Jeera Krunch ","<p>
	Raja Jeera Krunch</p>
",120,9.5,10,PC,0,,0,0000-00-00,0,"2016-10-10 02:52:09",2016-10-09
34,"simple macroni",0,"simple macroni","<p>
	simple macroni</p>
",30,13,15,PC,0,,0,0000-00-00,0,"2016-10-10 02:52:10",2016-10-09
34,"simple pasta",0,"simple pasta","<p>
	simple pasta</p>
",30,13,15,PC,0,,0,0000-00-00,0,"2016-10-10 02:52:10",2016-10-09
34,8906037260665,0,"Chocolate cream biscut","<p>
	Chocolate cream biscut</p>
",120,9.5,10,PC,0,,0,0000-00-00,0,"2016-10-10 02:52:10",2016-10-09
34,8901491361026,0,"Kur Kure","<p>
	Kur Kure</p>
",100,10,10,PC,0,,0,0000-00-00,0,"2016-10-10 02:52:10",2016-10-09
34,8901396140009,0,"Lizol Desinfectant 975mml","<p>
	Lizol Desinfectant 975mml</p>
",12,142,145,PC,0,,0,0000-00-00,0,"2016-10-10 02:52:10",2016-10-09
34,8901030587757,0,"Lifeboy handwash 215ml","<p>
	Lifeboy handwash 215ml</p>
",6,75,77,PC,0,,0,0000-00-00,0,"2016-10-10 02:52:10",2016-10-09
34,"Dabur Gulabari 8ml",0,"Dabur Gulabari 8ml","<p>
	Dabur Gulabari 8ml</p>
",50,5,5,PC,0,,0,0000-00-00,0,"2016-10-10 02:52:10",2016-10-09
34,8901242178200,0,"Macaroni Bambino 500gm","<p>
	Macaroni Bambino 500gm</p>
",42,43,45,PC,0,,0,0000-00-00,0,"2016-10-10 02:52:10",2016-10-09
